year,hours,tot_spp,participants,Black-bellied Whstling-Duck,Fulvous Whstling-Duck,Greater White-fronted Goose,Snow Goose-Blue,Snow Goose-White,Canada Goose,Muscovy Duck,Wood Duck,Gadwall,American Wigeon,American Black Duck,Mallard-Wild,Mallard-Feral,Mottled Duck,Blue-winged Teal,Northern Shoveler,Northern Pintail,Green-winged Teal,Canvasback,Redhead,Ring-necked Duck,Greater Scaup,Lesser Scaup,Bufflehead,Common Goldeneye,Hooded Merganser,Common Merganser,Red-breasted Merganser,Ruddy Duck,Duck sp.,Northern Bobwhite,Wild Turkey,Common Loon,Pied-billed Grebe,Horned Grebe,Wood Stork,Brown Pelican,Dbl-cr Cormorant,Anhinga,American White Pelican,American Bittern,Least Bittern,Great Blue Heron,Great Egret,Snowy Egret,Little Blue Heron,Tricolored Heron,Cattle Egret,Green Heron,Black-crowned Night-Heron,Yellow-crowned Night-Heron,White Ibis,Glossy Ibis,Roseate Spoonbill,Black Vulture,Turkey Vulture,Osprey,Northern Harrier,Sharp-shinned Hawk,Cooper's Hawk,Accipiter sp.,Bald Eagle,  Bald Eagle Ad.,  Bald Eagle Imm.,  Bald Eagle Unk.,Red-shouldered Hawk,Broad-winged Hawk,Red-tailed Hawk,Rough-legged Hawk,King Rail,Virginia Rail,Sora,Purple Gallinule,Common Moorhen,American Coot,Limpkin,Sandhill Crane,Black-bellied Plover,Killdeer,American Avocet,Greater Yellowlegs,Lesser Yellowlegs,Yellowlegs sp,Solitary Sandpiper,Spotted Sandpiper,Semipalmated Sandpiper,Western Sandpiper,Least Sandpiper,Peep sp.,Pectoral Sandpiper,Dunlin,Stilt Sandpiper,Short-billed Dowitcher,Long-billed Dowitcher,Dowitcher sp.,Wilson's Snipe,American Woodcock,Laughing Gull,Bonaparte's Gull,Ring-billed Gull,Herring Gull,Black-legged Kittiwake,Gull sp.,Gull-billed Tern,Royal Tern,Forster's Tern,Tern sp.,Rock Dove,Eur. Collared Dove,Streptopelia sp.,White-winged Dove,Mourning Dove,Common Ground-Dove,Monk Parakeet,Smooth-billed Ani,Groove-billed Ani,Barn Owl,Eastern Screech-Owl,Great Horned Owl,Barred Owl,Short-eared Owl,Whip-Poor-Will,Vaux's Swift,Ruby-throated H'bird,Black-chinned Hummingbird,Archilochus sp,Selasphorus sp.,Hummingbird sp.,Belted Kingfisher,Red-headed Woodp.,Red-bellied Woodp.,Yellow-bellied Sapsucker,Downy Woodpecker,Hairy Woodpecker,Red-cockaded Woodpecker,Northern Flicker,Pileated Woodpecker,American Kestrel,Merlin,Peregrine Falcon,Empidonax sp.,Eastern Phoebe,Vermilion Flycatcher,Ash-throated Flycatcher,Brown Crested Flycatcher,Myiarchus sp.,Western Kingbird,Eastern Kingbird,Tyrannus sp.,Loggerhead Shrike,White-eyed Vireo,Yellow-throated Vireo,Blue-headed Vireo,Blue Jay,American Crow,Fish Crow,Crow sp.,Tree Swallow,N. Rough-winged Swallow,Barn Swallow,Carolina Chickadee,Tufted Titmouse,Red-breasted Nuthatch,Brown-headed Nuthatch,Brown Creeper,Bewick's Wren,House Wren,Winter Wren,Sedge Wren,Marsh Wren,Carolina Wren,Blue-gray Gnatcatcher,Golden-crowned Kinglet,Ruby-crowned Kinglet,Eastern Bluebird,Hermit Thrush,Catharus sp.,American Robin,Gray Catbird,Northern Mockingbird,Brown Thrasher,European Starling,American Pipit,Cedar Waxwing,Ovenbird,Northern Waterthrush,Louisiana Waterthrush,Blue-winged Warbler,Tennessee Warbler,Black&White Warbler,Orange-crowned Warbler,Common Yellowthroat,Northern Parula,Magnolia Warbler,Black-throated Blue Warbler,Black-thoated Green Warbler,Blackburnian Warbler,Palm Warbler,Pine Warbler,Yellow-rumped Warbler,Yellow-throated Warbler,Prairie Warbler,American Redstart,Waterthrush sp.,Wilson's Warbler,Yellow-breasted Chat,Summer Tanager,Western Tanager,EasternTowhee,Bachman's Sparrow,Chipping Sparrow,Field Sparrow,Vesper Sparrow,Savannah Sparrow,Grasshopper Sparrow,Henslow's Sparrow,Le Conte's Sparrow,Ammodramus sp,Fox Sparrow,Song Sparrow,Lincoln's Sparrow,Swamp Sparrow,White-throated Sparrow,White-crowned Sparrow,Dark-eyed Junco,Northern Cardinal,Rose-brstd Grosbeak,Blue Grosbeak,Indigo Bunting,Painted Bunting,Dickcissel,Red-winged Blackbird,Eastern Meadowlark,Yellow-headed Blackbird,Rusty Blackbird,Brewer's Blackbird,Common Grackle,Boat-tailed Grackle,Brown-headed Cowbird,Baltimore Oriole,Bullock's Oriole,Purple Finch,House Finch,Pine Siskin,American Goldfinch,House Sparrow,White-faced Ibis,Black-neccked Stilt,Willet,Nashville Warbler,Buff-bellied Hummingbird,Tundra Swan,Ross's Goose,Whooping Crane,Rufous Hummingbird,Franklin's Gull,Yellow Warbler,Orchard Oriole,Black Tern,Harris Sparrow,Least Flycatcher,Cave Swallow,Wood Thrush,Black Scoter,Sprague's Pipit,Green-tailed Towhee,Lesser Black-backed Gull,Gray-headed Swamphen
1957,16,75,6,0,0,0,0,0,0,0,0,50,0,0,0,0,0,200,1,0,0,0,0,0,0,4,0,0,0,0,0,0,0,3,0,0,0,0,0,0,6,10,0,0,0,3,200,50,75,25,0,3,10,0,0,0,0,9,5,1,0,0,0,0,0,0,0,0,5,0,0,0,0,0,0,0,100,50,0,0,0,15,0,0,0,0,0,0,0,0,0,0,0,0,0,0,0,0,18,0,0,0,25,0,0,0,0,0,0,0,0,0,0,0,300,4,0,0,0,0,0,0,0,0,0,0,0,0,0,0,0,5,0,13,2,0,0,4,12,0,4,0,0,0,27,0,0,0,0,0,0,0,5,2,0,0,11,28,4,0,0,0,0,7,6,0,4,0,0,14,0,1,0,14,14,0,16,100,0,0,26,2,11,4,0,125,0,0,0,0,0,0,0,0,10,0,0,0,0,0,39,10,150,0,0,0,0,0,0,0,0,100,10,100,2,15,90,0,0,0,0,0,22,0,6,91,0,2,62,0,0,0,0,0,1000,28,1,0,0,0,100,10,0,0,3,0,0,22,24,0,0,0,0,0,0,0,0,0,0,0,0,0,0,0,0,0,0,0,0,0,0
1958,25,108,13,0,0,0,0,0,0,0,11,23,60,16,10,0,0,23,0,2,2,0,0,30,0,80,0,0,0,0,0,30,0,30,0,0,12,0,0,0,28,35,0,2,0,17,37,100,33,15,2,5,42,1,20,0,0,25,60,0,6,2,0,0,4,0,0,0,17,0,3,0,0,0,1,0,76,43,0,10,0,38,0,0,0,0,0,0,0,0,0,0,0,0,0,0,0,0,12,0,0,1,44,12,0,0,0,0,0,0,0,0,0,0,100,21,0,0,0,0,1,1,4,0,0,0,0,0,0,0,0,3,12,15,5,6,0,4,44,5,17,0,0,0,33,0,0,0,0,0,0,0,26,2,0,0,31,30,5,0,33,0,1,4,6,0,20,0,0,10,0,4,20,16,18,0,12,19,1,0,150,2,19,4,15,200,20,2,0,0,0,0,2,1,5,0,0,0,0,0,57,3,65,3,0,0,0,0,0,0,0,34,3,200,7,17,70,0,0,0,0,0,15,0,15,100,0,0,55,0,0,0,0,0,807,166,0,0,0,32,27,2,0,0,0,0,0,150,22,0,0,0,0,0,0,0,0,0,0,0,0,0,0,0,0,0,0,0,0,0,0
1960,12.5,96,13,0,0,0,0,0,0,0,0,16,2,5,100,0,0,75,14,40,60,0,2,4,0,0,0,0,8,0,0,0,0,24,0,0,9,0,0,0,65,24,0,1,0,26,23,15,61,6,250,1,92,0,0,0,0,8,61,0,15,0,0,0,2,0,0,0,4,1,1,0,0,0,0,0,42,300,0,77,0,80,0,57,1,0,0,0,0,0,0,0,0,0,0,0,0,0,136,0,0,0,375,95,0,0,0,0,0,0,0,0,0,0,74,17,0,0,0,0,0,0,4,0,0,0,0,0,0,0,0,4,12,9,2,1,1,1,23,3,32,0,0,0,27,0,0,0,0,0,0,0,18,0,0,2,33,33,3,0,33,0,0,9,3,0,0,0,0,4,0,0,0,14,4,0,19,11,0,0,74,1,18,11,19,150,0,3,0,0,0,0,2,0,6,0,0,0,0,0,77,0,52,4,0,0,0,0,0,0,0,11,0,108,0,20,52,0,0,0,0,0,5,0,6,27,0,0,26,0,0,0,0,0,1500,300,0,2,0,13,310,2,0,0,0,0,0,50,65,0,0,0,0,0,0,0,0,0,0,0,0,0,0,0,0,0,0,0,0,0,0
1961,40,102,14,0,3,0,0,0,0,0,8,3,0,0,0,0,0,365,3,0,61,0,0,20,0,1200,0,0,82,0,0,2,0,45,0,0,28,0,2,0,24,13,0,2,0,12,113,55,602,285,1201,15,2,3,600,0,0,23,35,0,3,0,0,0,3,0,0,0,12,0,15,0,0,0,0,0,51,2200,0,72,0,85,0,76,6,0,0,0,0,0,0,0,0,0,0,0,2,0,6,0,0,1,328,1,0,0,0,0,0,0,0,0,0,0,202,4,0,0,0,0,0,1,2,0,0,0,0,0,0,0,0,3,0,5,3,1,0,0,24,6,61,0,0,0,152,0,0,0,0,0,0,0,52,3,0,4,18,37,18,0,540,0,0,0,2,0,0,0,0,6,0,1,0,9,5,1,22,13,1,0,3000,14,35,2,142,61,240,0,0,0,0,0,2,1,17,0,0,0,0,0,34,6,380,4,0,0,0,0,0,0,0,10,0,15,3,90,800,0,0,0,0,0,1,0,20,20,0,0,21,0,0,0,0,0,552,417,0,0,0,17,250,320,0,0,0,0,0,28,15,0,0,0,0,0,0,0,0,0,0,0,0,0,0,0,0,0,0,0,0,0,0
1962,11,93,8,0,0,0,0,0,0,0,17,11,5,0,9,0,0,60,6,0,0,0,0,54,0,6,4,0,0,0,0,12,0,6,0,0,10,2,0,0,32,55,0,0,1,16,0,1,96,35,83,5,3,0,48,0,0,28,32,0,15,0,1,0,1,0,0,0,18,0,1,0,0,0,0,0,300,400,0,8,0,21,0,0,0,0,0,0,0,0,0,0,0,0,0,0,0,0,2,0,1,0,300,10,0,0,0,0,0,0,0,0,0,0,75,1,0,0,0,0,0,0,1,0,0,0,0,0,0,0,0,4,13,7,0,1,2,0,50,0,37,0,0,0,50,0,0,0,0,0,0,0,40,0,0,1,35,7,3,0,12,0,0,4,17,0,0,0,0,2,0,0,1,2,0,0,9,50,2,0,600,5,200,3,100,4,10,0,0,0,0,0,0,0,9,0,0,0,0,1,7,3,500,1,1,0,0,0,0,0,0,50,0,70,0,12,30,0,0,0,0,0,17,0,5,20,0,0,200,0,0,0,0,0,5000,50,0,100,0,500,2000,300,0,0,0,0,0,30,500,0,0,0,0,0,0,0,0,0,0,0,0,0,0,0,0,0,0,0,0,0,0
1963,55,113,24,0,0,0,0,0,0,0,12,27,7,17,46,0,22,52,19,1,35,0,0,35,0,52,0,0,0,0,0,16,0,33,0,0,12,0,0,0,15,27,0,0,0,18,16,4,22,3,153,0,4,0,4,0,0,17,81,0,10,2,1,0,5,0,0,0,22,0,12,0,0,0,0,0,20,300,2,193,0,35,0,2,1,0,0,0,0,0,0,0,0,0,0,0,0,0,24,0,0,0,200,2,0,0,0,0,0,0,0,0,0,0,176,12,0,0,0,0,1,2,0,0,0,0,0,0,0,0,0,9,5,21,8,1,1,4,35,5,32,1,0,0,45,0,0,0,0,0,0,0,38,3,0,1,27,18,253,0,137,0,0,11,17,0,16,0,0,14,0,0,0,23,5,0,38,45,0,0,500,3,65,12,257,17,0,2,0,0,0,0,1,1,21,0,0,0,0,0,100,12,500,8,0,0,0,0,0,0,0,19,0,500,14,137,300,0,1,1,0,0,13,0,34,66,0,1,65,0,0,1,0,0,5000,300,0,1,10,76,2000,500,2,1,0,0,0,89,300,0,0,0,0,0,0,0,0,0,0,0,0,0,0,0,0,0,0,0,0,0,0
1964,42,104,13,0,0,0,0,0,0,0,3,40,1,1,0,0,0,215,3,0,5,2,0,34,0,71,5,0,0,0,0,10,0,34,0,0,34,0,0,0,23,34,0,0,0,34,93,3,266,15,750,3,3,0,0,0,0,11,32,0,8,0,0,0,3,0,0,0,22,0,11,0,0,0,0,0,200,1200,0,6,0,61,0,5,2,0,0,1,0,0,0,0,0,0,0,0,0,0,56,0,0,0,200,0,0,0,0,1,0,0,0,0,0,0,450,28,0,0,0,0,0,0,1,0,0,0,0,0,0,0,0,17,13,13,8,3,1,0,42,4,43,1,0,0,54,0,0,0,0,0,0,0,69,1,0,0,48,23,110,0,350,0,0,6,32,0,1,0,0,21,0,5,0,26,5,0,31,252,3,0,850,4,65,5,160,59,25,0,0,0,0,0,5,2,9,0,0,0,0,0,84,2,400,6,0,0,0,0,0,0,0,12,0,350,2,45,250,0,1,0,0,0,13,0,23,65,0,2,84,0,0,0,0,0,1500,270,0,0,10,150,350,4,1,0,0,0,0,65,300,0,0,0,0,0,0,0,0,0,0,0,0,0,0,0,0,0,0,0,0,0,0
1965,30,112,12,0,125,0,12,2,0,0,2,2,40,2,60,0,20,500,30,300,100,0,0,1,0,2,0,1,0,0,0,0,0,20,0,0,27,1,0,0,24,55,0,0,0,35,65,42,160,14,500,6,0,0,50,15,0,20,65,0,16,0,1,0,3,0,0,0,16,0,8,1,0,0,1,0,75,3000,0,120,0,120,0,12,20,0,0,0,0,0,12,0,0,0,0,12,0,0,600,0,0,0,200,0,0,0,0,0,0,0,0,0,0,0,250,14,0,0,0,0,0,0,1,0,0,0,0,0,0,0,0,15,6,18,5,4,0,0,30,4,38,0,0,0,40,0,0,1,0,0,0,0,18,12,0,1,28,130,70,0,1000,0,0,4,28,0,2,0,0,12,0,2,3,16,10,3,150,65,2,0,120,0,40,22,160,20,0,1,0,0,0,0,6,6,25,0,0,0,0,0,300,2,500,12,0,0,0,0,0,0,0,35,0,500,8,60,500,2,0,0,0,0,15,0,20,75,0,0,150,0,4,2,0,0,5000,600,0,0,0,400,600,150,4,0,0,0,0,45,75,0,0,0,0,0,0,0,0,0,0,0,0,0,0,0,0,0,0,0,0,0,0
1966,47,123,16,0,0,0,0,0,0,0,200,2,150,0,8,0,30,250,16,11,350,0,0,35,0,6,1,0,4,1,1,190,0,2,0,0,18,3,0,0,28,65,0,2,0,22,18,6,28,16,20,2,4,0,18,0,0,15,95,1,12,0,3,0,5,0,0,0,18,0,22,0,0,1,0,0,95,1500,0,250,0,100,0,16,6,0,0,0,0,4,11,0,0,0,0,34,0,0,45,2,0,10,28,8,0,0,1,0,0,0,0,0,0,0,60,1,0,0,0,0,2,0,2,0,2,0,0,0,0,0,0,14,52,36,28,3,0,5,42,4,24,0,0,0,62,0,0,0,0,0,0,0,15,12,0,8,125,181,134,0,250,0,0,3,26,0,4,0,0,15,0,5,1,24,8,2,65,61,6,0,250,3,89,27,500,44,13,3,0,0,0,0,11,8,34,0,0,0,0,0,49,5,267,11,0,0,0,0,0,0,0,26,0,60,6,31,116,1,0,0,0,0,31,0,85,75,0,1,118,0,0,0,0,0,5000,350,0,8,0,2500,1500,250,4,0,0,0,0,63,358,0,0,0,0,0,0,0,0,0,0,0,0,0,0,0,0,0,0,0,0,0,0
1967,26,103,13,0,0,0,0,0,0,0,6,150,180,0,2,0,5,210,290,5,34,0,0,18,0,30,0,0,2,0,0,0,0,16,0,0,11,2,0,0,170,230,0,1,0,29,300,12,35,25,1200,1,10,0,11,0,0,20,6,1,3,0,0,0,4,0,0,0,5,0,22,0,0,0,0,0,18,400,0,19,0,184,0,3,1,0,0,0,0,0,0,0,0,0,0,0,0,0,27,0,0,0,1500,200,0,0,0,0,0,0,0,0,0,0,850,14,0,0,0,0,0,0,1,0,0,0,0,0,0,0,0,12,12,8,16,0,0,2,35,2,21,0,0,0,24,0,0,0,0,0,0,0,26,8,0,3,32,14,86,0,135,0,0,4,11,0,1,0,0,8,0,1,0,25,12,3,65,38,6,0,4,2,45,7,350,35,0,0,0,0,0,0,20,6,12,0,0,0,0,0,28,7,92,8,0,0,0,0,0,0,0,15,0,165,0,4,20,1,0,0,0,0,12,0,10,26,0,0,43,0,0,0,0,0,250,200,0,0,0,250,600,75,1,0,0,0,0,5,50,0,0,0,0,0,0,0,0,0,0,0,0,0,0,0,0,0,0,0,0,0,0
1968,26,103,9,0,0,0,0,0,0,0,4,250,4,0,0,0,0,150,130,0,18,0,0,65,0,0,0,0,5,0,0,2,0,0,0,0,8,0,0,0,55,176,0,1,0,15,16,8,25,16,160,4,0,0,30,0,0,12,39,0,9,0,0,0,2,0,0,0,5,0,6,0,0,0,2,0,23,370,0,10,0,85,0,15,4,0,0,0,0,1,0,0,0,0,0,0,0,0,37,0,0,0,240,0,0,0,0,0,0,0,0,0,0,0,375,5,0,0,0,0,2,0,0,0,0,0,0,0,0,0,0,5,8,12,22,2,0,2,42,6,16,0,0,0,42,0,0,0,0,0,0,0,42,28,0,4,73,12,56,0,500,0,0,4,19,0,0,0,0,18,0,0,1,14,9,5,104,146,31,0,464,1,63,12,1066,131,55,3,0,0,0,0,6,11,14,0,0,0,0,0,55,11,275,15,0,0,0,0,0,0,0,16,0,202,14,36,39,6,0,0,0,0,12,0,21,42,0,5,87,0,0,0,0,0,1335,65,0,0,0,125,340,130,1,0,12,0,2,115,93,0,0,0,0,0,0,0,0,0,0,0,0,0,0,0,0,0,0,0,0,0,0
1969,37,121,22,0,0,0,7,0,0,0,70,700,175,200,40,0,2,400,32,850,350,0,0,5,0,26,5,0,5,0,0,9,0,5,0,0,10,1,0,0,112,124,0,1,0,21,14,8,18,18,82,3,8,1,70,8,0,20,130,1,21,2,2,0,16,0,0,0,14,0,12,0,0,0,5,0,72,41,0,500,0,180,0,4,3,0,0,0,0,0,0,0,0,0,0,0,0,0,600,9,0,0,250,20,0,0,0,0,0,0,0,0,0,0,362,12,0,0,0,0,0,0,1,0,0,0,0,0,0,0,0,14,2,27,4,2,1,3,72,7,14,1,0,0,42,1,0,0,0,0,0,0,16,0,0,0,90,18,36,0,500,0,0,8,18,0,0,0,0,12,0,1,2,32,6,1,70,36,8,0,400,4,68,8,123,15,23,4,0,0,0,0,5,8,36,0,0,0,0,0,64,2,500,16,0,0,0,0,0,1,0,12,0,400,4,52,300,1,0,0,0,1,20,0,65,76,0,0,60,0,0,0,0,0,1200,350,0,0,0,1000,800,200,35,0,2,0,5,28,150,0,0,0,0,0,0,0,0,0,0,0,0,0,0,0,0,0,0,0,0,0,0
1970,46,119,18,0,0,0,0,0,0,0,27,8,260,4,202,0,2,240,42,20,4000,0,0,264,0,10,0,3,0,0,1,2,0,17,0,0,32,0,0,0,125,462,0,0,0,34,26,7,27,16,3000,4,4,0,460,55,0,39,310,1,14,1,0,0,3,0,0,0,14,0,22,0,0,0,1,0,350,3150,0,600,0,125,0,8,40,0,0,0,0,0,75,0,0,15,0,20,0,0,200,2,0,0,1150,18,0,0,0,0,0,0,0,0,0,0,450,2,0,0,0,0,0,0,3,0,0,0,0,0,0,0,0,6,8,22,12,5,1,1,38,5,31,1,0,0,18,0,0,0,0,0,0,0,16,8,0,3,77,13,275,0,38,0,0,8,22,0,3,0,0,7,0,1,0,36,13,0,18,14,2,0,450,6,75,4,350,110,120,0,0,0,0,0,4,2,12,0,0,0,0,0,110,2,250,4,0,0,0,0,0,0,0,15,0,140,8,65,130,0,0,0,0,1,11,0,8,140,0,2,120,0,1,0,0,0,2000,70,0,36,5,500,500,500,35,0,0,0,0,190,125,0,0,0,0,0,0,0,0,0,0,0,0,0,0,0,0,0,0,0,0,0,0
1971,73,125,24,0,0,0,2,0,0,0,11,8,600,21,202,0,95,121,166,612,80,0,1,400,0,5,20,0,0,0,0,140,0,20,0,0,42,1,0,0,166,209,0,0,0,62,423,55,166,41,503,0,5,0,1000,59,0,59,369,2,36,4,1,0,16,10,6,0,24,0,53,0,0,0,1,0,60,480,0,570,0,302,0,28,19,0,0,0,0,0,8,0,0,0,0,0,0,0,932,2,0,79,352,0,0,0,0,0,0,0,0,0,0,0,456,11,0,0,0,0,0,2,4,0,0,0,0,0,0,0,0,13,24,43,29,7,3,5,104,14,84,0,1,0,92,1,0,0,0,0,0,0,57,20,0,8,57,32,262,0,415,0,0,26,32,0,10,0,0,19,1,2,3,38,62,0,107,394,6,0,3474,5,75,12,318,111,30,3,0,0,0,0,14,9,17,0,0,0,0,0,538,25,872,18,4,0,0,0,1,0,0,15,0,254,1,110,139,1,0,0,0,0,18,0,18,45,0,0,169,0,1,0,0,0,6000,1001,0,162,22,1150,3650,360,34,0,0,0,0,335,47,0,0,0,0,0,0,0,0,0,0,0,0,0,0,0,0,0,0,0,0,0,0
1972,68,132,25,0,0,1,2,0,0,0,18,18,720,13,87,0,42,131,74,1300,3424,3,0,24,0,8,4,0,0,0,0,37,0,52,25,0,40,0,2,0,616,226,0,2,0,61,115,32,219,24,267,14,10,0,1063,26,0,41,415,6,37,0,2,0,9,0,0,0,41,0,37,0,2,0,17,0,185,710,0,687,0,269,0,44,21,0,0,0,0,0,38,0,2,0,0,36,0,0,552,3,0,15,4556,1,0,0,0,0,0,0,0,0,0,0,246,43,0,0,0,0,0,1,8,0,0,0,0,0,0,0,0,20,95,75,50,22,3,7,101,20,45,1,0,0,102,0,0,0,0,0,0,0,44,25,0,4,519,210,4518,0,2335,0,0,54,79,0,18,0,0,42,1,1,21,57,65,0,193,117,25,0,1369,13,202,49,644,80,104,2,0,0,0,0,42,13,92,1,0,0,1,0,201,26,538,61,0,0,0,0,0,0,0,90,4,89,125,49,156,0,0,0,0,1,23,0,106,147,0,3,323,0,0,0,0,0,31898,454,0,35,50,963,645,159,36,0,18,0,0,175,4093,0,0,0,0,0,0,0,0,0,0,0,0,0,0,0,0,0,0,0,0,0,0
1973,84,131,23,0,0,1,0,0,0,0,336,25,182,20,32,0,47,290,92,1,1200,0,0,8,0,36,0,0,5,0,11,1,0,22,0,0,16,0,2,0,170,108,0,1,0,92,106,25,115,51,623,10,24,0,713,51,0,16,47,6,35,0,0,1,7,0,0,0,32,0,22,0,3,1,1,0,203,904,0,971,0,302,0,10,23,0,0,0,4,0,5,0,0,2,0,18,0,0,355,1,0,0,385,5,0,0,1,0,1,0,0,0,0,0,468,12,0,0,0,0,0,4,8,0,0,0,0,0,0,0,0,12,69,40,10,7,2,8,172,17,43,0,0,0,49,0,0,0,0,0,0,0,38,9,0,3,159,50,1129,0,817,0,0,32,50,0,8,1,0,25,0,0,3,42,50,1,168,108,4,0,4967,6,68,12,1023,134,164,0,0,0,0,0,16,13,58,0,0,0,0,0,192,43,848,11,0,0,0,0,0,1,0,43,0,105,1,53,108,1,0,0,0,0,72,0,97,91,0,3,208,0,0,0,0,0,35314,240,1,2,6,638,1034,644,18,0,0,0,1,628,754,0,0,0,0,0,0,0,0,0,0,0,0,0,0,0,0,0,0,0,0,0,0
1974,98,134,36,0,0,0,0,0,39,0,188,31,254,20,333,0,45,397,9,56,2136,0,0,7,0,43,0,0,0,0,1,7,0,35,1,0,17,0,0,0,443,140,0,4,0,167,174,12,110,42,369,16,13,0,274,18,0,1,1,1,27,0,1,0,9,1,2,6,51,0,27,0,13,3,2,0,162,844,0,407,0,286,0,30,10,0,0,1,0,0,20,0,0,0,0,2,0,0,258,19,0,0,396,0,0,0,0,0,2,3,215,0,0,0,1273,23,0,0,0,0,1,0,5,0,0,0,0,0,0,0,0,24,17,52,24,11,2,1,107,15,45,1,0,1,73,1,0,0,0,1,1,0,82,21,0,14,337,114,550,0,3168,0,0,32,70,0,4,0,0,35,0,0,16,65,92,2,377,96,12,0,317,4,125,22,1036,120,0,2,0,0,0,0,23,10,64,1,0,0,0,0,147,23,670,29,2,0,0,1,0,0,0,68,1,72,5,71,287,0,0,0,0,0,41,0,152,181,0,3,366,0,0,0,0,0,3497,439,1,14,20,757,1489,99,39,0,10,0,0,116,218,0,0,0,0,0,0,0,0,0,0,0,0,0,0,0,0,0,0,0,0,0,0
1975,135,143,42,0,0,0,0,0,0,0,102,13,115,28,208,0,6,47,32,100,337,2,40,76,0,0,14,0,8,0,1,6,0,159,0,1,22,0,0,0,184,102,0,1,0,111,181,13,67,25,127,11,31,0,153,23,0,95,400,2,27,7,6,0,19,0,0,0,51,0,95,0,8,28,27,0,92,673,1,392,0,359,0,26,7,0,0,1,0,0,3,0,0,0,0,2,0,0,303,3,0,3,679,21,0,0,0,0,7,0,54,0,0,0,432,44,0,0,0,2,4,10,24,0,0,0,0,0,0,0,0,25,63,136,73,36,4,3,150,35,77,0,0,0,145,0,0,0,0,0,0,0,103,44,1,25,279,192,122,0,874,0,0,99,151,0,9,0,0,120,3,5,17,101,274,0,502,105,20,1,5390,20,180,44,1000,131,47,4,0,0,0,1,42,19,191,3,0,0,0,0,213,39,1870,27,1,0,0,0,0,0,0,139,1,430,21,54,391,5,1,0,0,0,69,0,316,280,10,1,369,0,0,0,0,0,7777,503,1,21,100,1346,1496,1100,33,0,14,0,0,459,407,0,0,0,0,0,0,0,0,0,0,0,0,0,0,0,0,0,0,0,0,0,0
1976,180,144,63,0,2,0,0,0,0,0,261,9,555,20,48,0,35,78,1,0,446,0,2,375,0,122,4,4,46,0,1,64,0,163,39,0,95,7,0,0,403,158,0,1,0,101,126,18,101,22,807,11,5,0,242,0,0,128,822,0,66,12,6,0,32,6,12,14,48,0,112,0,7,41,43,1,257,824,1,579,0,371,0,25,8,0,0,2,0,0,0,0,0,0,0,0,0,1,467,14,0,1,2527,306,0,0,0,0,6,0,68,0,0,0,465,23,0,0,0,2,18,15,35,0,0,0,0,0,0,0,1,39,93,158,79,30,1,0,178,66,79,1,0,1,207,0,0,0,0,0,0,0,119,47,0,40,231,140,24,0,655,0,0,68,93,1,6,0,0,112,2,35,3,139,192,9,751,110,46,0,4166,50,187,31,4367,186,99,2,0,0,0,1,47,42,141,0,0,0,0,0,183,82,4277,17,4,0,0,0,0,0,0,124,4,254,26,50,190,0,0,4,0,2,117,0,243,441,3,46,269,0,0,0,0,0,5801,482,0,121,84,1237,16507,30,10,0,29,0,0,451,275,0,0,0,0,0,0,0,0,0,0,0,0,0,0,0,0,0,0,0,0,0,0
1977,167.5,150,74,0,0,0,3,0,0,0,49,15,395,28,203,0,30,58,60,3,863,1,4,56,0,589,6,7,62,0,28,203,0,124,1,4,49,3,2,0,46,121,0,1,0,119,98,12,150,25,1827,11,27,1,543,50,0,99,672,0,54,27,9,1,38,5,15,18,60,0,87,9,9,4,12,1,43,125,0,338,0,424,0,27,10,0,0,1,0,0,0,0,0,0,0,0,0,0,329,1,1,19,4515,50,0,0,0,0,15,0,143,0,0,0,774,32,0,0,0,0,20,10,11,0,0,0,0,0,0,0,1,24,69,112,35,24,1,1,163,37,90,0,1,0,113,0,0,0,0,0,0,0,123,27,0,26,157,167,42,15,73,0,0,86,128,0,9,1,0,36,0,2,7,119,66,1,157,106,18,0,6627,25,141,20,2243,128,53,1,0,0,0,0,43,15,59,1,0,0,0,0,125,59,4727,37,4,0,0,0,0,0,0,139,1,132,8,52,270,1,0,1,0,0,44,0,64,312,1,29,277,0,0,0,0,0,22278,338,0,69,2,2985,13266,910,3,0,13,0,11,634,167,0,0,0,0,0,0,0,0,0,0,0,0,0,0,0,0,0,0,0,0,0,0
1978,146.5,137,60,0,0,0,5,0,0,0,170,119,2697,0,46,0,38,247,76,126,1977,1,0,1357,0,574,5,2,32,0,1,35,0,227,2,1,339,0,0,0,627,136,0,2,0,142,155,15,105,29,319,8,13,0,252,66,0,77,1157,5,74,34,2,0,42,8,17,17,52,0,88,0,15,15,36,1,219,3761,0,331,0,443,0,7,18,0,0,1,0,0,29,0,0,0,0,0,0,0,298,9,0,202,1914,12,0,0,0,0,6,0,179,0,0,0,869,7,0,0,0,0,9,19,11,0,0,0,0,0,0,0,0,32,78,108,24,26,0,1,200,44,83,0,0,0,139,0,0,0,0,0,0,0,102,25,0,17,98,164,173,10,276,0,1,52,111,1,25,0,0,39,0,13,4,93,87,1,213,67,13,0,1176,19,91,9,296,236,9,3,0,0,0,0,42,13,86,0,0,0,0,0,132,50,5898,20,0,0,0,0,0,0,0,77,1,174,12,41,153,0,0,0,0,4,38,0,115,105,3,3,223,0,0,0,0,0,16290,574,0,490,302,5287,5695,475,3,0,0,0,0,173,153,0,0,0,0,0,0,0,0,0,0,0,0,0,0,0,0,0,0,0,0,0,0
1979,140,140,57,0,0,0,5,0,0,0,40,19,185,2,20,0,4,302,6,0,30,0,6,378,0,193,5,2,14,0,1,5,0,132,16,0,59,0,5,0,189,317,0,0,0,173,191,14,146,30,294,20,3,0,259,21,0,6,27,5,56,7,1,2,20,12,3,5,59,0,36,0,6,10,29,1,374,5745,0,403,0,144,0,12,6,0,0,0,0,0,0,0,0,0,0,0,0,0,159,12,0,2,2463,1,0,0,0,0,1,0,35,0,0,0,1639,23,0,2,1,2,28,18,23,0,0,0,0,0,0,0,0,41,30,114,10,25,2,1,168,49,58,0,0,0,127,1,0,0,0,0,0,0,78,46,0,20,186,137,41,0,23,0,0,62,125,0,14,3,1,39,0,34,21,76,83,4,279,71,9,0,217,18,112,8,971,61,11,2,0,0,0,0,60,14,107,1,0,0,0,0,54,41,8157,26,0,0,0,0,0,0,0,95,1,207,36,99,246,1,0,0,0,1,98,0,234,165,3,1,225,0,0,0,0,0,7265,446,0,7,25,4424,2497,0,5,0,0,0,0,353,68,0,0,0,0,0,0,0,0,0,0,0,0,0,0,0,0,0,0,0,0,0,0
1980,103.5,135,44,0,0,0,0,0,11,0,351,52,322,26,23,0,34,385,81,3,262,0,5,458,0,12,0,0,43,0,0,3,0,69,25,0,312,0,0,0,744,247,0,1,0,133,132,15,111,23,262,6,15,0,916,53,0,115,400,5,58,6,2,0,62,7,9,46,28,0,52,0,3,3,19,1,426,4935,0,328,0,502,0,9,9,0,0,0,0,0,0,0,0,0,0,0,0,7,210,16,0,4,1594,37,0,0,0,0,38,0,163,0,0,0,583,16,0,0,0,0,5,14,12,0,0,0,0,0,0,0,0,22,17,63,13,12,1,1,171,27,64,1,0,0,101,1,0,0,0,0,0,0,80,30,0,15,117,109,21,24,900,0,0,61,48,3,3,0,0,52,1,9,10,66,50,11,275,63,6,0,1202,23,125,11,1308,38,47,0,0,0,0,0,40,18,64,0,0,0,0,0,129,34,3800,14,1,0,0,2,0,0,0,81,0,146,107,44,69,0,0,0,0,0,34,0,90,123,0,5,182,0,0,0,0,0,11646,327,0,3,1000,782,4065,5,1,0,37,0,0,356,155,0,0,0,0,0,0,0,0,0,0,0,0,0,0,0,0,0,0,0,0,0,0
1981,96,137,47,0,0,0,0,0,13,0,137,83,300,40,363,0,75,266,70,175,1672,6,0,470,0,76,4,0,99,0,4,14,0,93,10,0,549,0,14,0,615,165,0,3,0,218,327,25,55,16,23,0,14,0,332,12,0,94,256,4,75,11,4,0,59,0,0,0,25,0,115,0,7,2,9,0,82,1648,1,1469,0,964,0,15,8,0,0,1,0,0,39,2,0,0,0,0,2,0,213,9,0,26,4624,6,0,0,0,0,11,0,168,0,0,0,396,4,0,0,0,1,6,16,9,0,0,0,0,0,0,0,1,22,31,55,19,14,1,0,47,18,58,0,0,0,66,0,0,0,0,0,0,0,46,15,0,18,129,125,22,0,96,0,0,49,56,1,3,0,0,28,0,9,9,60,31,2,165,40,6,0,47,10,67,15,629,222,0,1,0,0,0,0,32,39,66,0,0,0,0,0,45,36,2135,16,0,0,0,0,0,0,0,69,1,165,14,64,84,0,0,0,0,0,33,0,56,46,1,1,203,0,0,0,0,0,9137,194,0,9,301,2530,757,126,11,0,0,0,0,290,79,0,0,0,0,0,0,0,0,0,0,0,0,0,0,0,0,0,0,0,0,0,0
1982,121.5,130,52,0,0,0,0,0,0,0,158,89,86,7,91,0,14,445,7,3,690,1,0,28,0,65,1,1,29,0,3,40,15,65,20,0,41,0,0,0,702,359,0,0,0,167,157,25,319,45,85,15,27,0,313,115,0,166,754,3,41,12,3,0,70,29,30,11,28,0,74,0,6,4,28,1,219,519,0,432,0,385,0,17,0,0,0,0,0,0,0,2,0,1,0,0,0,0,324,2,0,0,1873,11,0,0,0,0,42,0,56,0,0,0,366,0,0,0,0,0,5,10,13,0,0,0,0,0,0,0,0,31,11,61,21,35,0,0,101,43,71,0,0,0,130,0,0,0,0,0,0,0,61,28,0,8,184,120,38,0,111,0,0,38,59,0,4,0,0,39,1,6,9,126,49,2,152,164,16,1,2927,15,110,8,655,124,199,1,0,0,0,0,30,21,96,1,0,0,0,0,188,47,1019,17,1,0,0,0,0,0,0,59,0,175,12,22,24,0,0,0,0,0,18,0,135,97,10,0,204,0,0,0,0,0,3912,235,0,2,60,1737,1306,401,11,0,0,0,0,333,43,0,0,0,0,0,0,0,0,0,0,0,0,0,0,0,0,0,0,0,0,0,0
1983,149,140,67,0,0,0,7,3,0,0,318,150,494,8,77,0,80,363,25,15,1317,4,3,1027,0,188,2,4,46,0,9,23,0,73,0,0,109,0,0,0,670,243,0,1,1,156,142,37,150,18,190,11,16,0,405,84,0,100,241,12,40,12,4,0,55,29,26,0,62,0,55,0,2,8,11,1,215,830,0,694,0,359,0,40,2,0,0,1,0,0,0,0,0,0,0,0,0,0,383,10,0,29,1803,8,1,72,0,0,78,1,265,0,0,0,1090,2,0,0,0,1,6,15,22,0,0,0,0,0,0,0,0,42,63,136,36,28,2,0,214,80,85,1,0,0,149,0,0,0,0,0,0,0,86,62,0,20,490,176,55,0,116,0,0,87,158,0,9,0,0,96,1,16,12,130,138,7,441,146,15,0,3943,17,162,12,509,167,449,8,0,0,0,1,42,27,124,5,0,1,0,0,161,147,3843,21,4,0,0,1,0,0,0,84,0,238,7,47,54,0,0,0,0,0,41,0,268,81,0,0,302,0,0,0,0,0,12134,516,0,10,1,1735,1221,200,3,0,10,0,0,356,78,0,0,0,0,0,0,0,0,0,0,0,0,0,0,0,0,0,0,0,0,0,0
1984,149.5,142,61,0,0,0,0,0,0,0,2083,200,308,50,67,0,62,1416,3,3,982,4,0,1944,2,55,10,0,125,0,2,0,74,23,2,1,98,0,7,0,219,254,0,1,0,158,188,34,107,23,402,20,22,1,1052,64,0,99,492,4,51,8,1,0,38,25,13,0,75,0,57,0,10,17,51,4,489,1562,0,1411,0,652,0,54,21,0,0,1,0,0,27,0,0,26,0,0,3,0,814,17,0,17,1191,7,0,0,0,0,95,0,177,0,0,0,891,9,0,0,0,2,16,21,18,0,5,0,1,0,0,0,0,45,18,132,32,50,1,0,205,73,82,3,0,0,170,0,0,0,1,0,0,0,104,78,0,36,207,174,45,2,165,0,0,90,175,0,21,0,0,76,0,13,2,186,89,0,506,56,18,0,1096,24,164,32,1438,265,164,1,0,0,0,0,73,31,121,2,0,0,0,0,192,62,2634,55,2,0,0,2,0,1,0,81,0,107,2,24,83,0,0,0,0,0,15,0,118,41,4,0,359,1,0,0,0,0,8727,448,0,21,20,2734,1559,31,11,0,0,0,0,261,70,0,0,0,0,0,0,0,0,0,0,0,0,0,0,0,0,0,0,0,0,0,0
1985,133.1,139,45,0,0,0,19,5,0,0,55,30,28,15,45,0,28,71,20,30,600,0,0,2086,0,93,27,6,38,0,1,0,0,12,4,1,120,0,0,0,329,116,0,2,1,123,156,23,101,15,421,17,2,0,1743,85,0,54,593,3,40,12,1,0,66,46,20,0,49,0,74,0,7,11,69,1,259,2042,3,1385,0,372,0,33,56,0,0,0,0,0,43,0,0,0,0,0,0,0,328,7,1,14,2900,23,0,0,0,0,6,0,60,0,0,0,939,4,0,0,0,1,8,14,25,0,1,0,0,0,0,0,0,33,34,130,47,23,4,0,130,43,59,0,0,1,147,0,0,0,0,0,0,0,55,33,0,19,171,204,27,0,3131,0,0,79,193,0,10,0,0,73,0,5,13,124,215,0,399,100,18,0,1386,43,198,15,1136,102,67,4,0,0,0,0,42,25,104,1,0,0,0,0,443,60,1436,22,0,0,0,0,0,0,0,112,0,91,3,31,86,0,0,1,0,1,22,2,125,44,11,0,235,0,1,0,0,0,17563,386,0,1,740,6059,1150,244,8,0,0,0,0,418,36,0,0,0,0,0,0,0,0,0,0,0,0,0,0,0,0,0,0,0,0,0,0
1986,151,140,62,0,6,0,0,1,0,0,77,30,252,14,249,0,89,345,2,20,1323,0,1,134,0,3,9,0,177,0,3,5,0,68,35,2,89,0,6,0,297,233,0,2,0,175,223,26,119,14,109,18,15,0,975,81,0,375,585,3,35,17,6,3,36,25,10,1,80,0,49,0,8,11,53,0,73,958,7,1452,0,426,0,45,30,0,0,0,0,0,3,0,0,0,0,0,0,0,142,6,0,7,9100,83,0,0,0,1,25,0,98,0,0,0,761,7,0,1,0,6,13,14,16,0,1,0,0,0,0,0,0,38,85,195,35,47,1,0,196,81,95,0,0,0,263,0,0,0,0,1,0,0,85,86,0,33,229,251,60,0,328,0,0,93,223,0,12,0,0,60,0,11,5,174,252,0,397,145,13,0,1728,33,179,19,895,53,56,3,0,0,0,0,40,28,141,2,0,0,0,0,888,145,2552,26,2,0,0,0,0,0,0,75,0,347,3,68,235,1,0,0,0,0,24,0,98,31,9,0,295,0,0,0,0,0,13360,349,0,3,25,9213,1011,5,4,0,0,0,0,384,165,0,0,0,0,0,0,0,0,0,0,0,0,0,0,0,0,0,0,0,0,0,0
1987,164.5,137,60,0,0,0,2,3,0,0,149,10,136,10,52,0,100,498,21,70,475,0,0,77,0,5,0,2,215,0,17,0,0,96,5,0,147,2,13,0,1003,276,0,0,0,193,112,20,75,20,96,16,36,0,501,46,0,80,529,6,34,13,4,1,54,28,23,3,88,0,37,0,7,13,17,0,115,1552,2,2030,0,400,0,28,15,0,0,1,0,0,40,0,0,0,0,0,0,5,280,31,0,142,4692,6,0,0,0,0,57,0,333,0,0,0,752,4,0,0,0,0,28,16,31,0,1,0,0,0,0,1,0,39,13,134,42,74,0,0,128,74,68,2,0,0,228,0,0,0,0,0,0,0,92,71,1,40,263,242,44,0,818,0,0,84,163,0,20,0,0,52,0,42,2,207,234,0,353,84,16,0,2980,30,157,16,894,37,18,2,0,0,0,0,37,16,168,1,0,0,0,0,364,191,2714,26,1,2,0,3,0,0,0,106,0,326,30,20,36,0,1,1,0,0,153,0,147,16,0,0,356,0,0,0,0,0,5127,340,0,4,52,796,1240,160,10,0,0,0,0,359,79,0,0,0,0,0,0,0,0,0,0,0,0,0,0,0,0,0,0,0,0,0,0
1988,165,135,67,0,0,0,0,0,0,0,216,6,14,57,12,0,41,221,2,2,549,0,0,79,4,0,3,0,307,0,0,16,0,82,13,0,69,0,44,0,974,133,0,0,0,119,241,75,422,27,66,17,41,1,897,80,0,96,490,12,36,12,3,1,34,24,9,1,54,0,53,0,10,0,68,1,114,29,0,1279,0,246,0,24,53,0,0,0,0,0,10,0,0,0,0,0,0,0,531,2,0,71,4251,12,0,0,0,0,73,0,67,0,0,0,780,3,0,0,0,1,27,11,18,0,0,0,0,0,0,0,0,41,1,111,32,50,1,0,95,55,60,1,0,0,257,1,0,0,0,0,0,0,91,53,0,45,135,306,5,14,1185,0,0,67,126,0,19,0,0,53,0,6,5,141,219,7,449,73,20,0,569,26,176,17,448,46,1,1,0,0,0,0,29,26,211,1,0,0,0,0,204,201,3842,41,0,1,0,3,0,0,0,84,0,251,14,15,170,1,0,0,0,0,62,0,203,75,20,0,308,0,0,0,0,0,5214,353,0,6,8,1474,1303,53,5,0,0,0,0,265,50,0,0,0,0,0,0,0,0,0,0,0,0,0,0,0,0,0,0,0,0,0,0
1989,188,150,63,0,0,0,19,9,1,0,203,3,78,3,11,0,45,304,5,131,2068,0,0,7,0,0,6,0,394,0,0,0,0,56,1,4,59,0,24,0,364,251,0,1,1,237,189,83,174,25,35,17,49,0,534,89,0,173,321,3,35,25,4,0,71,52,19,0,78,0,42,0,2,6,26,0,136,116,2,2552,2,560,0,34,10,0,0,0,0,2,13,0,0,0,0,0,59,20,239,3,0,190,7701,50,0,0,0,0,71,0,143,0,0,0,1007,0,1,0,0,1,15,12,14,0,1,1,0,0,0,1,0,61,9,160,33,87,2,0,85,70,74,1,0,0,281,0,0,0,0,0,0,0,84,48,0,55,179,298,11,3,625,0,0,130,207,0,10,0,0,120,0,5,3,175,294,0,465,140,21,2,1781,61,140,15,261,57,21,7,0,0,0,1,37,28,154,0,0,0,0,0,430,176,3030,30,2,1,0,0,0,0,0,73,1,223,13,21,188,0,0,1,0,1,181,2,227,144,22,1,317,0,0,0,0,0,10596,264,0,3,250,1010,1553,6,8,0,1,0,3,391,89,0,0,0,0,0,0,0,0,0,0,0,0,0,0,0,0,0,0,0,0,0,0
1990,186,142,67,0,0,0,0,0,0,0,382,15,102,0,5,0,0,23,4,2,1007,1,2,250,0,148,3,1,325,0,6,0,0,42,20,2,334,3,10,0,491,145,0,1,0,144,110,35,111,18,9,14,42,0,389,0,0,76,629,4,42,9,5,1,62,33,26,3,72,1,52,0,0,8,14,0,299,1230,2,867,0,241,0,16,20,0,0,0,0,0,35,0,0,0,0,0,0,15,287,8,0,0,1319,3,0,0,0,0,47,0,292,0,1,0,707,2,0,0,0,0,27,15,25,0,0,0,0,0,0,1,0,40,70,160,33,67,2,0,116,81,75,3,0,0,249,0,0,0,0,0,0,0,72,61,0,53,292,396,157,5,265,0,0,115,153,0,9,0,0,115,0,26,20,231,59,5,358,83,29,0,2771,78,143,36,317,89,211,7,0,0,0,0,38,50,203,3,1,0,0,0,191,139,3449,17,1,0,1,0,0,0,0,293,1,188,8,34,239,0,0,0,0,0,105,0,260,83,8,0,397,0,0,0,0,0,5143,166,0,200,102,1051,922,20,3,0,0,0,4,278,17,0,0,0,0,0,0,0,0,0,0,0,0,0,0,0,0,0,0,0,0,0,0
1991,186.5,137,67,0,0,0,7,2,0,0,326,43,42,0,34,0,53,131,4,27,401,0,0,47,0,48,7,0,363,0,0,0,0,50,29,0,199,1,81,0,370,377,0,2,0,153,161,120,176,27,72,21,31,0,819,47,0,211,1115,4,19,7,4,1,56,48,8,0,72,0,43,0,5,8,20,1,232,877,2,3690,0,331,0,40,39,0,1,0,0,0,0,0,0,0,0,40,0,10,178,4,0,16,1048,2,0,0,0,0,81,0,329,0,0,0,952,3,0,0,0,3,40,12,25,2,0,0,0,0,0,0,0,56,24,135,21,40,0,0,84,43,90,3,0,0,214,0,0,0,0,0,0,0,71,72,0,54,174,345,35,75,6,0,0,113,166,0,31,0,0,72,0,47,13,132,189,0,270,95,23,0,369,42,195,24,289,23,0,5,0,0,0,0,27,66,172,2,0,0,0,0,159,184,3876,32,3,0,0,1,0,0,0,152,4,188,7,31,88,0,0,0,0,0,78,0,154,36,1,3,324,0,0,0,1,0,3618,348,0,0,0,402,3363,33,5,0,0,0,0,109,67,0,0,0,0,0,0,0,0,0,0,0,0,0,0,0,0,0,0,0,0,0,0
1992,217.75,143,79,0,0,0,0,0,0,0,85,3,110,5,8,0,33,89,2,13,450,0,3,59,0,848,0,16,250,0,2,1,21,22,33,1,103,3,25,0,383,257,0,2,0,139,185,36,131,26,55,8,35,1,810,4,0,99,1504,3,23,14,1,7,83,48,35,0,81,0,56,0,10,6,20,1,49,324,0,3423,0,199,0,39,4,8,0,0,0,0,0,0,0,0,0,0,0,0,54,13,0,54,3787,4,0,0,0,0,84,0,186,0,0,0,433,3,0,0,0,1,41,30,28,0,3,0,0,0,1,0,0,53,29,198,41,66,0,0,168,98,68,2,0,0,244,0,0,0,0,0,0,0,71,97,0,53,226,358,28,73,132,0,0,104,258,0,37,0,0,137,0,21,34,220,322,4,326,146,12,0,481,76,141,33,176,84,601,4,0,0,0,1,53,42,195,0,0,0,0,0,300,276,3917,20,6,0,0,1,0,0,0,188,0,311,18,42,131,0,0,0,0,0,40,1,162,70,6,2,311,0,0,0,0,0,2067,155,0,0,0,125,1168,3,6,0,0,0,0,538,53,0,0,0,0,0,0,0,0,0,0,0,0,0,0,0,0,0,0,0,0,0,0
1993,189.75,140,69,0,0,0,1,0,0,0,233,4,15,0,36,0,41,129,8,7,651,0,3,29,0,182,1,0,330,0,0,1,0,21,32,1,222,0,7,0,591,128,0,3,0,161,140,36,173,22,100,9,27,3,766,1,0,62,546,8,36,4,7,0,64,35,28,1,91,0,38,0,10,13,22,0,54,3172,1,4197,0,247,0,22,7,0,0,0,0,0,8,0,0,0,0,0,0,10,151,19,0,22,6035,38,0,0,0,0,64,0,280,0,0,0,575,13,0,0,0,0,40,24,28,0,1,1,0,0,0,0,0,36,7,195,45,74,1,0,122,92,80,2,0,0,264,0,0,0,0,0,0,0,62,71,0,64,243,286,38,67,52,0,0,99,245,0,36,1,0,143,0,30,8,260,284,1,462,96,35,0,1754,97,173,22,364,8,8,6,0,0,0,0,39,43,230,1,0,0,0,0,581,176,2813,26,11,0,0,0,0,0,0,133,0,489,8,54,305,3,0,0,0,0,69,0,209,98,3,0,380,0,0,0,0,0,3591,233,0,15,0,474,738,6,5,0,1,1,0,449,47,0,0,0,0,0,0,0,0,0,0,0,0,0,0,0,0,0,0,0,0,0,0
1994,181,128,66,0,0,0,0,0,0,0,88,1,22,12,10,0,12,204,1,0,54,0,0,5,0,6,0,0,83,0,0,15,0,15,18,0,55,0,48,0,1659,294,0,2,0,145,179,96,165,17,87,3,28,0,747,14,0,146,367,11,27,13,1,0,72,48,24,0,56,0,38,0,23,11,49,0,44,70,1,1154,0,269,0,10,5,0,1,0,0,0,0,0,0,0,0,0,5,0,104,5,0,40,4214,9,0,0,0,0,32,0,158,0,0,0,472,0,0,0,0,0,14,18,17,0,4,0,0,0,0,0,0,34,1,171,52,59,1,0,107,74,68,1,0,0,232,0,0,0,0,0,0,0,67,37,0,49,186,354,232,93,72,0,0,134,268,0,77,0,0,130,0,40,23,201,217,1,234,42,18,0,741,78,133,22,411,25,0,6,0,0,0,0,39,15,184,2,0,0,0,0,536,126,3738,28,0,0,0,1,0,0,0,95,0,190,3,31,170,2,0,0,0,0,45,0,142,30,13,0,242,0,0,0,0,0,4790,231,0,0,0,1480,660,0,8,0,0,0,0,54,79,0,0,0,0,0,0,0,0,0,0,0,0,0,0,0,0,0,0,0,0,0,0
1995,171.25,138,59,0,0,0,0,0,0,0,72,2,6,0,41,0,36,114,0,27,374,0,0,5,0,2,1,0,69,0,1,0,0,21,23,1,127,3,25,0,551,87,0,6,0,121,180,120,152,22,453,8,64,0,1318,20,0,60,948,15,34,18,3,0,67,38,29,0,50,0,66,0,10,7,79,0,123,820,0,1560,0,268,0,20,4,0,0,1,0,0,0,0,0,0,0,0,9,0,61,12,0,42,922,7,0,0,0,0,24,0,105,1,0,0,531,0,0,0,0,1,23,10,23,0,2,0,0,0,0,1,0,33,4,140,22,76,1,0,62,73,80,1,0,0,228,0,0,0,0,0,0,0,45,46,0,72,108,399,23,168,4,0,0,60,217,0,51,1,0,132,0,58,9,210,219,4,403,98,20,0,716,74,91,11,323,50,96,13,0,0,0,0,63,60,162,1,0,0,0,0,375,310,4030,31,0,0,0,0,0,0,0,85,2,165,1,81,218,0,1,1,0,0,57,1,175,34,0,2,242,0,0,0,0,0,5953,380,0,0,0,419,1487,12,1,0,0,0,0,400,26,0,0,0,0,0,0,0,0,0,0,0,0,0,0,0,0,0,0,0,0,0,0
1996,176.25,141,56,0,0,0,0,0,0,0,126,0,41,0,39,0,33,232,0,1,348,1,1,127,0,19,1,2,97,0,0,8,0,2,15,0,126,0,220,1,1054,157,0,3,0,210,313,46,100,29,154,12,225,0,852,72,0,168,420,7,32,9,6,2,109,58,45,6,79,0,51,0,26,24,100,1,216,1128,1,1250,0,386,0,15,1,0,0,0,0,0,0,0,0,0,0,0,0,0,309,28,0,59,3254,15,0,0,0,0,32,0,137,0,0,0,391,0,0,0,0,1,19,18,25,0,4,0,0,0,0,0,0,28,19,258,48,72,1,0,95,83,57,2,0,0,164,1,0,0,0,0,0,0,57,59,0,56,279,291,19,85,451,0,0,90,223,0,55,0,0,111,1,76,13,221,157,0,238,83,69,0,2887,120,179,12,218,27,480,3,0,0,0,0,62,42,166,2,0,1,0,0,261,90,5697,19,1,0,0,0,1,0,1,112,0,142,1,6,129,2,3,0,2,0,56,1,187,43,3,0,300,0,0,0,0,1,5554,263,0,0,0,1430,2658,3,10,0,0,0,0,135,0,0,0,0,0,0,0,0,0,0,0,0,0,0,0,0,0,0,0,0,0,0,0
1997,163.5,142,53,0,0,0,0,0,0,0,122,1,15,0,6,0,12,200,0,0,74,1,0,953,0,172,3,1,37,0,1,13,0,17,26,1,77,2,36,1,609,122,0,4,0,127,152,33,104,27,136,17,51,0,1062,11,0,127,405,6,24,12,4,1,61,37,21,3,69,0,38,0,19,18,36,0,194,1629,1,1596,0,309,0,18,4,0,0,0,0,0,0,0,0,0,0,0,0,0,81,32,0,12,1601,11,0,0,0,0,36,0,177,39,0,0,304,3,0,0,0,1,22,20,36,0,2,0,0,0,0,0,0,27,7,173,41,90,0,0,74,88,40,0,0,0,138,0,0,0,0,0,0,0,55,47,0,56,180,316,151,130,1671,0,0,88,270,0,19,0,0,110,0,23,13,268,132,0,216,74,30,0,278,73,132,19,406,3,13,8,1,0,1,0,41,36,114,2,0,1,0,0,158,130,4573,20,0,1,0,0,0,0,0,157,0,263,8,11,71,1,1,0,0,1,63,0,188,91,2,1,364,0,0,0,0,0,9403,224,0,1,0,758,768,146,8,0,0,11,0,248,33,0,0,0,0,0,0,0,0,0,0,0,0,0,0,0,0,0,0,0,0,0,0
1998,172.5,144,54,2,0,0,0,0,0,0,868,6,16,0,46,0,34,364,5,32,210,0,0,140,0,69,2,2,135,0,0,13,0,0,23,0,155,0,207,0,383,613,0,8,0,212,307,139,153,27,41,23,88,0,746,290,0,161,839,9,21,7,2,0,40,25,13,2,62,0,43,0,10,5,55,5,434,2640,2,1361,0,245,0,32,23,0,0,0,0,0,13,0,0,1,1,0,25,0,308,2,0,10,1051,4,0,0,0,0,6,0,129,33,0,0,454,2,0,0,0,0,26,19,28,0,1,0,0,0,0,0,2,70,19,157,45,94,0,0,91,85,56,0,1,0,237,2,0,0,0,0,0,0,46,89,0,70,166,433,104,146,226,0,0,89,236,0,10,0,0,113,0,24,14,269,244,0,382,150,61,0,497,83,144,26,265,110,348,5,0,1,0,0,50,41,199,1,0,0,0,0,269,167,3139,34,2,0,0,0,0,1,0,140,0,85,6,5,47,0,8,1,0,2,42,0,112,44,0,1,322,0,0,0,0,0,3695,241,0,4,0,1103,1630,200,9,0,0,21,0,372,64,0,0,0,0,0,0,0,0,0,0,0,0,0,0,0,0,0,0,0,0,0,0
1999,173.25,149,58,0,0,0,13,30,0,0,211,75,7,0,29,0,29,1133,2,85,1370,0,0,992,0,23,3,1,247,0,0,7,550,1,20,2,145,0,427,0,1600,316,150,6,1,604,401,295,637,32,659,29,89,0,2701,750,2,739,807,15,25,16,7,1,154,57,94,3,88,0,41,0,9,4,16,0,168,1751,5,5035,0,534,1,89,14,0,0,0,0,0,150,25,0,3,0,0,0,40,209,29,0,48,241,3,0,0,0,0,33,0,201,160,0,0,503,0,0,0,0,0,33,24,26,0,1,0,0,1,0,2,0,44,11,164,31,105,0,0,84,72,55,0,0,0,218,2,0,0,0,0,0,0,50,76,0,76,168,382,90,114,73,0,0,88,186,0,12,0,0,99,0,59,26,297,264,5,383,74,23,0,646,81,120,19,174,56,25,8,0,0,0,0,51,55,276,0,0,0,0,0,281,123,2156,36,1,0,0,5,0,0,0,73,0,120,17,19,220,15,13,0,0,0,65,0,411,20,4,2,424,0,0,1,0,0,6086,157,0,68,0,954,1416,77,19,0,0,44,0,401,47,0,0,0,0,0,0,0,0,0,0,0,0,0,0,0,0,0,0,0,0,0,0
2000,187.25,148,68,0,0,0,0,0,0,0,278,0,22,0,0,0,26,303,12,10,647,0,0,17,0,11,0,0,614,0,1,1,0,14,48,1,46,0,122,0,1067,108,500,3,0,199,263,41,82,15,916,9,27,0,475,46,0,343,1957,12,64,13,14,1,71,38,31,2,60,0,82,0,1,7,45,0,63,45,1,3663,5,696,1,70,21,0,0,0,0,0,15,35,0,0,18,0,37,0,186,2,0,6,596,0,0,0,0,0,15,0,170,51,0,0,590,6,0,0,0,3,10,8,20,0,1,0,0,0,0,2,0,30,11,130,34,57,0,0,31,35,61,0,0,0,295,0,1,0,0,0,0,0,54,55,0,80,71,433,82,131,1,0,0,77,201,0,11,0,0,88,0,21,14,146,330,2,340,111,28,0,1571,50,126,23,218,20,87,10,1,0,0,0,55,63,160,1,0,1,0,0,328,100,2460,20,2,0,1,4,1,0,0,86,0,287,0,16,275,8,3,6,0,0,27,1,200,114,11,1,291,0,0,0,0,0,5809,333,0,0,0,2899,109,59,8,0,0,34,0,141,103,0,0,0,0,0,0,0,0,0,0,0,0,0,0,0,0,0,0,0,0,0,0
2001,180,139,65,2,0,0,0,0,0,0,202,0,0,0,0,0,52,114,4,0,5,0,0,57,0,1,0,1,151,0,0,0,0,20,15,0,49,0,15,0,635,62,11,0,4,99,86,87,90,20,544,9,19,0,489,139,0,201,948,10,57,9,6,0,36,26,10,0,90,0,61,0,5,6,89,0,1144,5525,2,762,0,209,0,8,1,0,0,0,0,0,58,0,0,0,0,0,0,0,238,1,0,1,397,0,0,0,0,0,82,0,204,203,0,0,594,5,0,0,0,2,27,24,31,0,0,0,0,0,0,1,0,23,31,210,50,117,0,0,97,85,81,0,0,0,259,1,1,0,0,0,0,1,84,101,0,54,175,309,207,161,10,0,0,126,256,0,9,0,0,92,0,8,23,307,269,0,381,139,31,0,2927,109,167,21,538,21,118,4,1,0,0,0,52,35,160,3,0,0,1,0,404,145,3332,30,3,2,0,1,1,0,0,86,0,417,14,63,167,7,3,0,0,0,35,1,234,124,8,0,477,0,0,0,0,0,12403,318,0,2,0,1226,5972,123,19,0,0,126,0,448,115,0,0,0,0,0,0,0,0,0,0,0,0,0,0,0,0,0,0,0,0,0,0
2002,191,152,65,8,0,0,0,0,1,151,520,4,10,0,5,0,24,255,3,8,481,0,0,6,1,7,1,0,116,0,0,0,0,12,41,0,7,2,6,0,559,95,2,2,0,113,127,55,55,8,46,6,27,0,395,46,0,143,869,6,42,10,7,1,45,32,12,1,99,0,51,0,5,6,59,0,203,919,0,1761,0,422,0,4,0,0,0,0,0,0,25,0,0,0,0,0,0,0,89,4,0,0,1158,2,0,0,0,0,46,0,214,77,0,7,584,2,0,0,0,0,15,13,21,0,0,0,0,0,0,0,0,16,47,330,73,153,0,0,89,101,60,1,0,0,349,2,1,0,0,1,0,0,80,100,0,80,310,184,20,143,79,1,0,71,336,0,10,0,0,118,0,16,8,349,299,12,620,276,96,0,1007,234,271,49,81,51,380,12,0,0,0,0,79,77,210,1,0,0,0,0,791,122,1848,29,3,2,1,1,2,2,0,165,0,426,9,141,170,9,3,0,4,1,102,0,230,145,10,1,595,0,1,1,0,0,7445,241,0,1,2,1131,2638,38,34,0,0,105,0,243,88,0,0,0,0,0,0,0,0,0,0,0,0,0,0,0,0,0,0,0,0,0,0
2003,186,148,70,0,0,0,2,5,0,80,121,2,0,0,8,7,57,183,0,4,27,0,0,414,0,1,3,1,116,0,2,10,0,2,56,1,105,0,24,0,581,112,12,10,0,88,162,107,171,33,64,4,97,0,1060,300,0,162,527,6,34,11,5,0,0,42,18,3,102,0,39,0,2,8,78,0,248,592,0,1761,0,268,0,35,2,0,1,0,0,0,62,0,0,0,0,0,0,0,62,11,0,28,537,8,0,0,0,0,69,0,170,92,0,0,796,4,0,0,0,0,16,10,26,0,0,0,0,1,0,1,0,19,37,246,45,8,0,0,3,9,56,1,0,0,22,0,0,0,0,0,0,0,64,67,0,52,222,337,8,51,212,0,0,71,254,0,1,0,0,110,0,12,19,315,359,0,285,78,28,0,961,117,203,18,295,4,4,4,2,0,0,0,65,43,208,1,0,0,0,0,589,83,2068,31,2,1,0,0,1,0,0,131,0,581,16,55,173,14,3,0,0,1,63,1,371,74,12,1,605,0,0,0,0,0,5574,191,0,0,0,1095,1031,291,32,0,0,121,0,272,59,0,0,0,0,0,0,0,0,0,0,0,0,0,0,1,0,0,0,0,0,0,0
2004,193.75,156,70,73,0,0,0,1,0,198,232,9,0,0,5,24,17,254,4,0,330,0,2,62,0,6,10,0,158,0,0,2,0,13,75,2,98,0,7,0,891,126,0,6,0,114,165,41,85,14,228,14,73,2,814,276,0,173,654,6,33,5,7,2,0,47,20,0,110,0,37,0,8,4,23,1,183,965,0,2693,0,196,0,26,7,0,0,0,0,0,121,0,0,16,0,0,12,0,144,9,0,27,1516,0,0,0,0,0,5,0,114,71,0,0,511,0,0,0,0,0,11,16,19,0,1,0,1,0,2,0,0,56,13,244,73,102,0,0,81,75,30,1,0,0,300,1,0,0,0,0,0,0,61,56,1,68,259,436,129,166,1405,1,93,272,0,0,3,0,0,134,0,8,16,342,291,0,606,163,69,0,1297,140,243,38,128,4,181,4,3,0,2,0,59,35,147,2,0,1,0,0,638,157,3260,35,2,1,0,1,1,0,0,139,0,121,13,23,110,4,1,0,0,0,64,0,130,75,23,4,441,0,0,0,0,0,8696,169,0,0,0,541,1452,13,57,0,0,53,1,480,128,1,3,1,1,1,0,0,0,0,0,0,0,0,0,0,0,0,0,0,0,0,0
2005,171.5,147,76,216,0,0,2,5,0,83,332,1,0,0,13,0,0,208,0,0,51,4,0,756,0,12,0,0,155,0,0,0,0,0,132,0,114,0,108,0,914,209,0,13,0,124,197,91,163,24,95,27,90,0,886,114,0,105,287,11,19,9,5,0,71,44,25,2,85,0,16,0,22,2,45,0,222,2019,2,1332,0,88,0,32,3,0,0,0,0,0,4,0,0,0,0,0,0,0,479,9,0,101,228,4,0,0,0,0,15,0,122,56,0,1,453,5,0,0,0,0,10,12,18,0,1,0,0,0,0,0,0,30,22,199,36,72,0,0,51,65,33,1,0,0,237,0,0,0,0,0,0,0,65,67,0,88,327,218,35,100,3684,0,0,136,195,0,5,0,0,82,0,18,24,308,341,0,480,70,23,0,426,119,194,13,93,43,10,9,1,0,0,0,54,46,128,0,0,0,0,0,558,144,2066,26,1,1,0,0,2,1,0,100,0,408,20,43,196,11,2,52,0,0,52,1,306,47,1,0,492,0,0,0,0,1,5387,148,0,0,0,1069,218,19,14,0,0,84,0,185,87,0,0,0,0,1,0,0,0,1,0,0,0,0,0,0,0,0,0,0,0,0,0
2006,212,159,90,458,0,0,0,2,0,60,857,8,0,0,22,0,25,225,15,0,445,0,0,2922,0,16,0,3,200,0,0,71,0,39,80,1,164,6,75,0,805,397,54,8,0,212,234,55,144,42,59,17,25,0,3167,157,10,125,506,8,40,10,16,2,106,40,51,15,140,0,40,0,7,0,20,0,298,4508,4,4150,0,182,0,29,1,0,0,0,0,0,0,0,0,0,0,0,2,0,206,10,1,63,146,0,0,0,0,0,9,0,106,28,0,0,410,0,0,0,0,1,23,45,45,0,1,0,0,0,1,1,0,51,3,282,81,120,3,0,160,112,52,0,1,0,501,2,0,0,0,0,0,0,54,136,0,116,261,457,49,52,189,0,0,159,230,0,11,0,0,190,1,38,28,406,349,30,874,165,133,0,12271,291,201,35,61,14,2085,7,1,1,0,0,63,91,238,3,0,0,0,0,590,157,4862,43,2,1,0,1,2,1,0,135,0,277,14,16,276,12,17,2,2,0,107,0,518,70,6,0,602,0,0,1,1,0,3404,212,0,27,0,159,794,148,72,0,0,149,0,494,114,0,0,0,0,0,0,0,2,1,1,1,0,0,0,0,0,0,0,0,0,0,0
2007,240.5,151,84,104,0,2,0,1,0,120,408,3,1,4,40,0,146,835,9,8,1008,0,0,463,0,109,1,2,213,0,1,0,0,0,35,2,73,6,42,0,727,200,0,4,0,168,119,73,223,63,554,9,37,0,1616,78,0,625,2068,8,67,15,17,4,115,61,51,3,158,0,57,0,6,6,38,0,125,1945,0,5262,0,269,0,78,28,0,0,0,0,0,15,0,0,0,0,0,6,0,123,18,0,3,855,4,0,0,0,0,53,0,48,24,0,0,409,2,0,0,0,6,12,25,46,0,0,0,0,0,1,0,0,28,14,195,48,88,1,0,90,78,49,1,0,0,366,1,3,0,0,0,0,0,59,66,0,57,93,434,157,105,26,0,0,135,209,0,2,0,0,153,0,19,11,258,358,1,535,157,46,0,7948,187,130,14,49,12,43,5,0,0,0,0,71,49,148,2,0,0,0,0,773,154,2291,16,10,1,0,1,0,0,0,61,0,182,8,64,355,14,21,0,0,0,28,0,161,59,16,0,451,0,0,0,0,0,6827,18,0,3,0,556,802,42,13,0,0,69,3,298,0,0,0,0,0,0,0,0,0,1,0,0,1,0,0,0,0,0,0,0,0,0,0
2008,256.25,162,88,566,0,3,13,17,0,151,603,18,4,2,47,0,130,910,3,NA,288,5,1,1043,3,42,9,5,253,0,7,356,0,4,79,11,49,0,12,0,888,154,13,5,0,129,105,95,230,35,207,11,17,0,768,338,0,288,489,7,62,15,16,0,84,52,30,2,147,0,55,0,8,5,55,0,255,2890,1,8063,0,334,0,14,11,0,1,0,0,0,18,0,0,0,0,0,5,0,228,8,3,12,1004,5,0,0,0,0,22,0,15,37,0,0,530,4,0,0,0,10,17,43,38,0,2,0,0,0,3,1,0,30,49,435,99,230,0,0,174,157,39,2,1,0,457,0,1,0,0,0,0,0,44,103,0,114,387,566,351,36,226,0,0,363,350,0,5,0,0,261,0,70,29,494,446,1,654,137,91,0,2767,279,190,18,128,10,83,9,1,0,0,0,70,79,248,2,0,0,1,0,622,188,4478,28,6,2,0,2,1,cw,0,120,0,729,3,106,262,16,19,0,0,0,59,0,349,90,52,0,719,0,0,0,0,cw,7405,164,0,0,0,262,1372,1058,35,0,0,113,27,943,105,0,0,0,0,0,0,0,0,1,0,0,0,1,1,0,0,0,0,0,0,0,0
2009,251.75,156,98,333,0,0,0,24,0,44,241,85,15,0,18,0,58,564,34,27,614,0,2,393,2,4,11,0,79,0,0,25,0,12,29,0,74,3,48,0,772,121,98,6,0,122,163,111,242,36,634,7,34,0,1953,364,0,518,1139,9,48,11,8,1,86,48,23,15,121,0,56,0,20,8,60,0,199,602,1,3970,0,362,0,14,43,0,0,1,0,0,25,0,0,4,0,0,20,0,187,34,1,52,925,5,0,0,0,0,32,0,50,7,0,0,337,0,0,0,0,1,16,29,31,0,1,0,1,0,1,0,0,27,22,246,97,111,0,0,62,106,50,1,0,0,478,0,0,0,0,0,0,0,42,84,0,56,207,397,74,70,95,0,0,178,319,0,3,0,0,192,0,37,35,299,488,1,655,202,62,0,5219,159,156,13,93,9,304,8,8,0,0,0,102,69,243,1,0,0,0,0,648,159,4157,39,4,0,0,0,0,0,0,82,0,529,7,37,159,9,3,0,0,1,43,2,391,52,12,0,545,0,0,0,0,0,2974,220,0,1,0,244,1259,53,31,0,0,40,0,433,34,0,0,0,0,0,0,0,3,1,0,0,0,0,0,1,2,0,0,0,0,0,0
2010,302,160,101,114,0,0,0,0,0,64,928,17,55,0,12,28,118,882,125,42,2089,0,0,20,0,6,3,0,250,0,1,84,0,28,198,3,81,0,106,0,898,142,6,7,0,152,374,88,158,25,54,6,42,0,1250,136,0,631,852,4,52,9,14,1,92,51,27,14,137,0,53,0,31,10,48,0,217,659,0,5581,0,533,0,24,7,0,0,0,0,0,26,0,0,1,0,0,14,0,176,12,0,605,1376,9,0,0,0,0,31,0,99,8,0,0,822,3,0,0,0,7,15,35,43,0,1,0,2,0,0,0,1,37,34,326,83,174,0,0,68,151,47,2,0,0,294,0,1,0,0,0,0,0,32,78,0,64,319,615,42,64,8,0,0,282,416,0,1,1,0,160,4,16,28,425,94,12,464,111,83,0,"10,762",290,290,17,134,8,656,21,11,0,0,0,93,0,219,1,0,0,0,0,493,135,4269,48,2,0,0,1,1,1,0,142,0,686,6,49,268,10,1,0,0,6,59,2,502,68,23,2,910,0,0,1,1,1,"5,253",395,0,120,0,"3,061","1,235","1,530",27,0,0,161,0,422,32,0,0,0,0,0,1,1,4,0,0,0,0,0,0,0,0,0,0,0,0,0,0
2011,159,158,100,23,0,0,0,3,0,82,298,4,3,0,4,6,66,155,1,5,437,10,9,119,7,23,2,0,66,0,1,63,0,33,74,1,91,4,77,0,1943,59,150,2,0,198,210,47,170,33,47,5,55,0,978,38,0,405,1915,4,54,11,25,1,67,47,16,4,117,0,80,0,8,21,0,0,93,3084,2,3332,0,510,0,29,6,0,2,0,0,0,7,0,0,0,0,0,0,0,158,15,6,30,629,6,0,0,0,0,41,0,47,4,0,0,629,4,0,0,0,7,19,44,40,0,4,0,0,0,0,3,1,29,32,263,92,140,0,0,52,121,39,0,0,0,338,0,1,0,0,0,0,0,39,63,0,64,182,611,179,176,17,0,0,331,343,0,18,0,0,123,2,12,14,329,132,3,571,230,53,0,"5,697",141,167,14,60,8,55,6,4,0,0,1,87,86,128,2,0,0,0,0,443,124,4166,31,2,0,0,2,0,1,0,111,0,562,22,43,387,5,1,0,0,1,103,0,446,123,56,0,688,0,0,0,0,0,"3,003",241,0,11,0,"1,188","1,144",74,16,0,0,121,0,420,23,0,0,0,0,0,0,0,0,0,0,0,0,0,0,1,0,0,0,1,1,0,0
2012,298.5,163,97,207,0,0,0,0,0,90,821,34,6,0,29,0,89,81,14,64,1,5,1,252,0,312,4,1,125,0,4,500,0,13,46,3,74,0,28,0,772,187,137,12,0,134,206,177,163,77,211,17,79,1,2013,528,1,343,1144,8,42,12,12,0,82,42,40,0,164,0,64,0,2,5,252,0,82,833,6,3009,0,247,0,54,55,0,0,1,0,0,2,0,0,0,0,0,0,0,398,7,1,30,330,2,0,0,0,0,30,0,70,9,0,0,495,7,0,0,1,5,16,55,64,0,2,0,0,0,0,1,0,38,32,284,61,118,0,0,38,129,56,3,0,0,580,1,10,0,0,0,0,0,38,203,0,44,276,621,297,45,6,0,0,204,248,0,4,0,0,236,1,52,129,420,387,0,405,173,27,0,"2,583",205,180,15,434,124,54,2,6,0,0,0,69,105,292,3,0,0,0,0,830,204,1910,28,8,0,0,2,2,4,0,187,0,488,20,57,515,20,2,6,0,4,74,6,455,62,35,0,832,0,0,2,1,0,"9,915",382,0,0,0,585,727,"12,798",29,0,0,72,0,372,11,0,0,0,0,0,0,0,0,0,0,0,0,0,0,4,0,0,6,2,0,0,0
2013,219.5,159,95,312,0,0,0,1,0,207,346,22,1,0,17,0,121,757,20,7,97,0,2,602,1,15,8,3,75,0,0,96,0,16,52,0,78,8,54,0,618,220,22,26,0,115,402,216,206,40,260,28,45,0,2010,516,0,481,1160,9,38,6,8,0,65,42,16,7,141,0,27,0,9,8,97,0,127,465,17,2984,0,346,0,18,2,0,0,1,0,0,60,0,0,0,0,0,0,0,242,15,0,8,699,3,0,0,0,0,28,0,13,75,0,4,585,7,0,0,0,1,4,19,45,0,2,0,3,0,0,0,0,43,12,222,63,105,0,0,64,83,39,5,2,1,408,1,1,0,0,0,0,0,38,110,0,70,277,492,229,0,12,0,0,242,290,1,4,0,0,146,0,27,52,396,419,0,422,251,34,0,654,104,220,29,87,13,134,9,2,0,0,0,95,98,175,4,0,0,2,0,1259,190,2365,40,3,0,0,1,0,1,0,136,0,952,27,62,294,8,7,0,0,0,54,4,581,55,22,0,784,0,0,0,4,0,"3,307",143,0,0,0,325,750,137,19,0,0,120,0,257,40,0,0,0,0,0,0,0,0,1,0,0,0,0,0,2,0,0,0,0,0,0,0
2014,275.65,151,100,212,0,0,0,2,0,291,149,108,2,0,7,0,66,395,53,0,232,1,1,795,1,50,11,0,198,0,0,57,0,0,26,0,204,1,75,0,1022,202,40,9,0,149,176,205,263,45,58,37,71,0,1811,159,2,407,844,3,40,8,8,1,58,39,16,3,175,0,41,0,28,11,54,3,280,2446,18,2555,0,459,0,29,9,0,0,1,0,0,25,0,0,0,0,0,0,0,189,22,2,21,534,18,0,0,0,0,23,0,58,6,0,2,223,6,0,0,0,1,10,37,43,0,3,0,0,0,1,0,0,44,14,274,78,115,0,0,43,143,44,2,0,0,410,1,5,0,0,0,0,0,20,124,0,88,399,664,109,125,141,0,0,298,388,0,3,0,0,234,0,66,64,412,457,0,560,149,63,0,1121,147,174,27,57,3,7,9,3,0,1,0,99,105,285,5,0,0,0,0,856,130,2438,41,6,0,0,0,2,0,0,90,0,655,8,28,229,1,0,0,0,0,45,2,596,50,5,0,656,0,0,0,5,0,2753,396,0,0,0,338,984,38,27,0,0,56,8,351,114,0,0,0,0,0,0,0,0,0,0,0,0,0,0,2,0,1,0,0,0,0,0
2015,248,162,102,551,0,0,1,0,0,266,191,15,1,0,12,0,87,690,17,3,16,0,1,354,0,60,7,0,98,0,0,16,0,11,30,CW,142,31,68,0,521,178,1,7,4,147,166,216,374,87,93,17,103,0,2865,154,0,426,983,6,44,12,7,2,75,58,14,3,190,0,58,0,10,11,60,2,485,2892,66,963,0,333,0,15,8,0,0,2,0,0,34,0,0,0,0,0,0,0,147,10,2,2,286,2,0,0,0,0,3,0,77,21,0,1,370,0,0,0,0,3,12,35,50,0,1,14,1,0,0,0,0,36,15,304,111,118,0,0,64,124,44,2,0,0,453,0,1,0,0,0,0,0,26,101,0,103,260,619,107,140,170,1,0,234,359,0,6,1,0,177,0,60,69,395,493,0,627,245,54,0,"1,143",145,168,15,24,2,410,6,7,0,0,0,106,104,191,7,0,0,1,0,758,221,2111,50,7,1,0,2,0,1,0,97,0,608,9,14,60,1,4,0,0,2,32,3,233,9,0,0,631,0,0,1,4,0,"5,857",169,0,3,0,86,948,840,49,0,0,94,0,451,22,0,0,0,1,0,0,0,0,0,0,0,0,0,0,2,0,0,0,0,0,1,1